scene,threshold_m,Antenna_total,Antenna_survived,Antenna_survival_pct,Cable_total,Cable_survived,Cable_survival_pct,Electric Pole_total,Electric Pole_survived,Electric Pole_survival_pct,Wind Turbine_total,Wind Turbine_survived,Wind Turbine_survival_pct,noise_total,noise_survived,noise_survival_pct,noise_removed_pct,all_points_total,all_points_survived,all_points_survival_pct
scene_3,2,73172,60099,82.13387634614332,127172,79620,62.608121284559495,264002,215627,81.67627517973348,679365,575266,84.6770145650718,23473155,9387817,39.993844031618245,60.006155968381755,24616866,10318429,41.91609524949277
scene_3,5,73172,48935,66.87667413764828,127172,79460,62.482307426163,264002,192977,73.09679472125211,679365,496197,73.03835199046168,23473155,5732169,24.42010458329952,75.57989541670048,24616866,6549738,26.606709399969926
