scene,threshold_m,Antenna_total,Antenna_survived,Antenna_survival_pct,Cable_total,Cable_survived,Cable_survival_pct,Electric Pole_total,Electric Pole_survived,Electric Pole_survival_pct,Wind Turbine_total,Wind Turbine_survived,Wind Turbine_survival_pct,noise_total,noise_survived,noise_survival_pct,noise_removed_pct,all_points_total,all_points_survived,all_points_survival_pct
scene_8,2,72175,62132,86.08520956009698,89830,52574,58.526104864744525,18784,17141,91.25319420783646,172024,130179,75.6749058270939,24927183,8999997,36.10515075048793,63.89484924951207,25279996,9262023,36.637755005973894
scene_8,5,72175,53691,74.39002424662279,89830,51906,57.782478014026495,18784,14081,74.96273424190801,172024,100600,58.480212063433015,24927183,4909888,19.6969228331978,80.3030771668022,25279996,5130166,20.293381375535027
