scene,threshold_m,Antenna_total,Antenna_survived,Antenna_survival_pct,Cable_total,Cable_survived,Cable_survival_pct,Electric Pole_total,Electric Pole_survived,Electric Pole_survival_pct,Wind Turbine_total,Wind Turbine_survived,Wind Turbine_survival_pct,noise_total,noise_survived,noise_survival_pct,noise_removed_pct,all_points_total,all_points_survived,all_points_survival_pct
scene_10,2,48723,39012,80.06896127085771,5030,2811,55.88469184890656,23959,18758,78.29208230727492,446086,379831,85.14748277238022,25597327,8620025,33.67548885084759,66.32451114915241,26121125,9060437,34.68624341409491
scene_10,5,48723,31646,64.95084457032613,5030,2490,49.50298210735586,23959,13493,56.317041612755126,446086,326252,73.13657007841537,25597327,4474177,17.479078967893795,82.5209210321062,26121125,4848058,18.55991271432605
