scene,threshold_m,Antenna_total,Antenna_survived,Antenna_survival_pct,Cable_total,Cable_survived,Cable_survival_pct,Electric Pole_total,Electric Pole_survived,Electric Pole_survival_pct,Wind Turbine_total,Wind Turbine_survived,Wind Turbine_survival_pct,noise_total,noise_survived,noise_survival_pct,noise_removed_pct,all_points_total,all_points_survived,all_points_survival_pct
scene_1,2,211771,168931,79.77060126268469,52131,30207,57.944409276630026,50744,45833,90.32200851332178,685614,574700,83.82267573299261,23912525,9473143,39.61582057938256,60.38417942061744,24912785,10292814,41.31538886559652
scene_1,5,211771,134900,63.70088444593453,52131,24055,46.14336958815292,50744,42483,83.72024278732461,685614,504004,73.51133436598435,23912525,5804700,24.27472632020249,75.72527367979751,24912785,6510142,26.131731157315414
