scene,threshold_m,Antenna_total,Antenna_survived,Antenna_survival_pct,Cable_total,Cable_survived,Cable_survival_pct,Electric Pole_total,Electric Pole_survived,Electric Pole_survival_pct,Wind Turbine_total,Wind Turbine_survived,Wind Turbine_survival_pct,noise_total,noise_survived,noise_survival_pct,noise_removed_pct,all_points_total,all_points_survived,all_points_survival_pct
scene_5,2,440108,366715,83.32386596017342,663,458,69.07993966817496,0,0,,348753,273883,78.53208431181955,27283941,9567201,35.065319192707534,64.93468080729247,28073465,10208257,36.362654200327604
scene_5,5,440108,315602,71.71012569641996,663,398,60.030165912518854,0,0,,348753,222381,63.7646127775245,27283941,4776581,17.50693200809956,82.49306799190043,28073465,5314962,18.93233343301228
