scene,threshold_m,Antenna_total,Antenna_survived,Antenna_survival_pct,Cable_total,Cable_survived,Cable_survival_pct,Electric Pole_total,Electric Pole_survived,Electric Pole_survival_pct,Wind Turbine_total,Wind Turbine_survived,Wind Turbine_survival_pct,noise_total,noise_survived,noise_survival_pct,noise_removed_pct,all_points_total,all_points_survived,all_points_survival_pct
scene_4,2,228277,194916,85.3857375031212,4284,2307,53.851540616246496,12566,10366,82.492439917237,351577,304948,86.73718701735324,25287035,7724577,30.547579026168943,69.45242097383105,25883739,8237114,31.823508960587187
scene_4,5,228277,168677,73.89136881946057,4284,2264,52.847805788982264,12566,8970,71.38309724653827,351577,277658,78.97501827480183,25287035,4041953,15.984289973102817,84.01571002689718,25883739,4499522,17.383585887649385
