scene,threshold_m,Antenna_total,Antenna_survived,Antenna_survival_pct,Cable_total,Cable_survived,Cable_survival_pct,Electric Pole_total,Electric Pole_survived,Electric Pole_survival_pct,Wind Turbine_total,Wind Turbine_survived,Wind Turbine_survival_pct,noise_total,noise_survived,noise_survival_pct,noise_removed_pct,all_points_total,all_points_survived,all_points_survival_pct
scene_7,2,456649,368747,80.75064217812806,24066,3864,16.05584642233857,87,66,75.86206896551724,261515,213426,81.61137984436839,26298379,8145942,30.975072646112523,69.02492735388748,27040696,8732045,32.29223463774749
scene_7,5,456649,310072,67.90160495260037,24066,3798,15.781600598354526,87,56,64.36781609195403,261515,185480,70.92518593579719,26298379,4189548,15.930822200105945,84.06917779989405,27040696,4688954,17.340359878310824
