scene,threshold_m,Antenna_total,Antenna_survived,Antenna_survival_pct,Cable_total,Cable_survived,Cable_survival_pct,Electric Pole_total,Electric Pole_survived,Electric Pole_survival_pct,Wind Turbine_total,Wind Turbine_survived,Wind Turbine_survival_pct,noise_total,noise_survived,noise_survival_pct,noise_removed_pct,all_points_total,all_points_survived,all_points_survival_pct
scene_9,2,83893,64284,76.62617858462566,5564,3890,69.9137311286844,7232,6797,93.98506637168141,516254,417726,80.91482099896564,25846783,9314606,36.03777692566228,63.96222307433772,26459726,9807303,37.06502100588646
scene_9,5,83893,46056,54.89850166283242,5564,3772,67.79295470884256,7232,6115,84.55475663716814,516254,347643,67.33952666710573,25846783,5282315,20.43703079025347,79.56296920974653,26459726,5685901,21.488888433689752
