scene,threshold_m,Antenna_total,Antenna_survived,Antenna_survival_pct,Cable_total,Cable_survived,Cable_survival_pct,Electric Pole_total,Electric Pole_survived,Electric Pole_survival_pct,Wind Turbine_total,Wind Turbine_survived,Wind Turbine_survival_pct,noise_total,noise_survived,noise_survival_pct,noise_removed_pct,all_points_total,all_points_survived,all_points_survival_pct
scene_6,2,118481,96165,81.16491251761886,19138,10976,57.351865398683245,3952,2885,73.00101214574899,310030,236224,76.193916717737,25092076,8448489,33.66994823385678,66.33005176614321,25543677,8794739,34.430199692863326
scene_6,5,118481,77235,65.18766722090461,19138,8134,42.50182882223848,3952,2055,51.99898785425101,310030,208185,67.14995323033254,25092076,4972582,19.817339944291575,80.18266005570842,25543677,5268191,20.62424685373214
