scene,threshold_m,Antenna_total,Antenna_survived,Antenna_survival_pct,Cable_total,Cable_survived,Cable_survival_pct,Electric Pole_total,Electric Pole_survived,Electric Pole_survival_pct,Wind Turbine_total,Wind Turbine_survived,Wind Turbine_survival_pct,noise_total,noise_survived,noise_survival_pct,noise_removed_pct,all_points_total,all_points_survived,all_points_survival_pct
scene_2,2,68899,58933,85.53534884396001,34000,21890,64.38235294117646,128817,107036,83.09151742394249,279588,245795,87.91328669327724,27072122,9196079,33.96881485684794,66.03118514315206,27583426,9629733,34.91130144602052
scene_2,5,68899,51144,74.23039521618601,34000,20735,60.98529411764706,128817,77400,60.08523719695382,279588,221623,79.2677081992074,27072122,5164498,19.076812670983088,80.92318732901691,27583426,5535400,20.06784798958621
